<?xml version="1.0" encoding="UTF-8"?><?xml-stylesheet type='text/xsl' href='_UpgradeReport_Files/UpgradeReport.xslt'?><UpgradeLog>
<Properties><Property Name="Solution" Value="framework">
</Property><Property Name="Solution File" Value="C:\Users\Martin\Desktop\teaching\IntroductionTo3DGameProgramming\2012S2\Schedule\Week03 - Blending, Anti-aliasing, Fog\workshop3_base\framework.sln">
</Property><Property Name="User Options File" Value="C:\Users\Martin\Desktop\teaching\IntroductionTo3DGameProgramming\2012S2\Schedule\Week03 - Blending, Anti-aliasing, Fog\workshop3_base\framework.suo">
</Property><Property Name="Date" Value="Wednesday, 22 August 2012">
</Property><Property Name="Time" Value="13:14 PM">
</Property><Property Name="Log Number" Value="3">
</Property></Properties><Event ErrorLevel="2" Project="" Source="framework.sln" Description="Error creating backup file: C:\Users\Martin\Desktop\teaching\IntroductionTo3DGameProgramming\2012S2\Schedule\Week03 - Blending, Anti-aliasing, Fog\workshop3_base\framework.sln.old">
</Event><Event ErrorLevel="2" Project="" Source="framework.suo" Description="Error creating backup file: C:\Users\Martin\Desktop\teaching\IntroductionTo3DGameProgramming\2012S2\Schedule\Week03 - Blending, Anti-aliasing, Fog\workshop3_base\framework.suo.old">
</Event><Event ErrorLevel="0" Project="framework" Source="framework.vcproj" Description="Converting project file 'C:\Users\Martin\Desktop\teaching\IntroductionTo3DGameProgramming\2012S2\Schedule\Week03 - Blending, Anti-aliasing, Fog\workshop3_base\framework.vcproj'.">
</Event><Event ErrorLevel="1" Project="framework" Source="framework.vcproj" Description="VCWebServiceProxyGeneratorTool is no longer supported. The tool has been removed from your project settings.">
</Event><Event ErrorLevel="1" Project="framework" Source="framework.vcproj" Description="Attribute 'Detect64BitPortabilityProblems' of 'VCCLCompilerTool' is not supported in this version and has been removed during conversion.">
</Event><Event ErrorLevel="1" Project="framework" Source="framework.vcproj" Description="Attribute 'Detect64BitPortabilityProblems' of 'VCCLCompilerTool' is not supported in this version and has been removed during conversion.">
</Event><Event ErrorLevel="0" Project="framework" Source="framework.vcproj" Description="Done converting to new project file 'C:\Users\Martin\Desktop\teaching\IntroductionTo3DGameProgramming\2012S2\Schedule\Week03 - Blending, Anti-aliasing, Fog\workshop3_base\framework.vcxproj'.">
</Event><Event ErrorLevel="3" Project="framework" Source="framework.vcproj" Description="Converted">
</Event><Event ErrorLevel="0" Project="" Source="framework.sln" Description="Solution converted successfully">
</Event><Event ErrorLevel="3" Project="" Source="framework.sln" Description="Converted">
</Event></UpgradeLog>