<?xml version="1.0" encoding="UTF-8"?><?xml-stylesheet type='text/xsl' href='_UpgradeReport_Files/UpgradeReport.xslt'?><UpgradeLog>
<Properties><Property Name="Solution" Value="framework">
</Property><Property Name="Solution File" Value="C:\Documents and Settings\mmasek\Desktop\teaching\IntroductionTo3DGameProgramming\2008S2\Schedule\Week03 - Blending, Anti-aliasing, Fog\workshop3_base\framework.sln">
</Property><Property Name="User Options File" Value="C:\Documents and Settings\mmasek\Desktop\teaching\IntroductionTo3DGameProgramming\2008S2\Schedule\Week03 - Blending, Anti-aliasing, Fog\workshop3_base\framework.suo">
</Property><Property Name="Date" Value="Friday, 15 August 2008">
</Property><Property Name="Time" Value="9:42 AM">
</Property><Property Name="Log Number" Value="2">
</Property></Properties><Event ErrorLevel="2" Project="" Source="framework.sln" Description="Error creating backup file: C:\Documents and Settings\mmasek\Desktop\teaching\IntroductionTo3DGameProgramming\2008S2\Schedule\Week03 - Blending, Anti-aliasing, Fog\workshop3_base\framework.sln.old">
</Event><Event ErrorLevel="2" Project="" Source="framework.suo" Description="Error creating backup file: C:\Documents and Settings\mmasek\Desktop\teaching\IntroductionTo3DGameProgramming\2008S2\Schedule\Week03 - Blending, Anti-aliasing, Fog\workshop3_base\framework.suo.old">
</Event><Event ErrorLevel="0" Project="framework" Source="framework.vcproj" Description="Web deployment to the local IIS server is no longer supported. The Web Deployment build tool has been removed from your project settings.">
</Event><Event ErrorLevel="1" Project="framework" Source="framework.vcproj" Description="This application has been updated to include settings related to the User Account Control (UAC) feature of Windows Vista. By default, when run on Windows Vista with UAC enabled, this application is marked to run with the same privileges as the process that launched it. This marking also disables the application from running with virtualization. You can change UAC related settings from the Property Pages of the project.">
</Event><Event ErrorLevel="0" Project="framework" Source="framework.vcproj" Description="Project file successfully backed up as 'C:\Documents and Settings\mmasek\Desktop\teaching\IntroductionTo3DGameProgramming\2008S2\Schedule\Week03 - Blending, Anti-aliasing, Fog\workshop3_base\framework.vcproj.8.00.old'.">
</Event><Event ErrorLevel="0" Project="framework" Source="framework.vcproj" Description="Project upgraded successfully.">
</Event><Event ErrorLevel="3" Project="framework" Source="framework.vcproj" Description="Converted">
</Event><Event ErrorLevel="0" Project="" Source="framework.sln" Description="Solution converted successfully">
</Event><Event ErrorLevel="3" Project="" Source="framework.sln" Description="Converted">
</Event></UpgradeLog>